locality,n_offers,average_price_nominal_euros,average_price_m2_nominal_euros,year
Bascharage,192,593698.31,3603.57,2010
Beaufort,266,461160.29,2902.76,2010
Bech,65,621760.22,3280.51,2010
Beckerich,176,444498.68,2867.88,2010
Berdorf,111,504040.85,3055.99,2010
Bertrange,264,795338.87,4266.46,2010
Bettembourg,304,555628.29,3343.22,2010
Bettendorf,94,495074.38,3235.26,2010
Betzdorf,119,625914.47,3343.05,2010
Bissen,70,516465.57,3321.65,2010
Biwer,122,576659.02,3033.23,2010
Boevange-sur-Attert,113,541159.17,3031.3,2010
Boulaide,125,473043.65,2943.82,2010
Bourscheid,72,528971.81,2816.0,2010
Bous,57,523272.09,3164.58,2010
Burmerange,126,538516.06,3254.97,2010
Clémency,88,584038.64,3321.14,2010
Clervaux,87,479297.9,2736.26,2010
Colmar-Berg,64,514425.31,3269.3,2010
Consdorf,55,535906.15,3419.92,2010
Consthum,29,,,2010
Contern,147,744879.05,4053.23,2010
Dalheim,181,585315.07,3269.23,2010
Diekirch,136,486927.35,2899.34,2010
Differdange,672,441969.35,2816.26,2010
Dippach,224,695294.47,3796.0,2010
Dudelange,556,540933.45,3095.67,2010
Echternach,140,585544.72,3531.5,2010
Ell,63,509571.7,3090.8,2010
Ermsdorf,56,501004.3,3261.34,2010
Erpeldange,56,705361.07,3455.27,2010
Esch-sur-Alzette,750,493472.43,2953.48,2010
Esch-sur-Sûre,7,,,2010
Eschweiler,89,463350.45,2621.53,2010
Ettelbruck,177,493092.49,3002.54,2010
Feulen,200,544236.96,3087.17,2010
Fischbach,103,524858.36,3377.71,2010
Flaxweiler,106,613794.84,3173.61,2010
Frisange,165,720322.8,3555.59,2010
Garnich,130,654931.82,3690.83,2010
Goesdorf,137,436833.45,2618.22,2010
Grevenmacher,124,564622.03,3074.0,2010
Grosbous,56,511044.64,2970.34,2010
Heffingen,71,512817.17,2890.24,2010
Heiderscheid,29,,,2010
Heinerscheid,84,436756.27,2646.91,2010
Hesperange,311,688678.41,3776.49,2010
Hobscheid,305,510125.48,3051.88,2010
Hoscheid,26,,,2010
Hosingen,129,431977.29,2589.35,2010
Junglinster,351,637234.95,3469.25,2010
Kayl,212,470633.53,2948.56,2010
Kehlen,339,722238.71,3653.84,2010
Kiischpelt,79,431157.04,2758.9,2010
Koerich,124,624003.17,3112.92,2010
Kopstal,159,764166.67,3814.02,2010
Lac de la Haute-Sûre,80,510604.93,2828.74,2010
Larochette,78,456218.15,2555.08,2010
Lenningen,107,561987.79,3068.77,2010
Leudelange,134,661047.51,3728.1,2010
Lintgen,136,599191.35,3464.7,2010
Lorentzweiler,109,630770.2,3629.33,2010
Luxembourg,1186,687345.73,3936.46,2010
Mamer,351,728893.07,3699.21,2010
Manternach,77,518309.99,3134.95,2010
Medernach,39,436064.1,2619.54,2010
Mersch,527,544950.27,3417.97,2010
Mertert,246,538328.0,3199.92,2010
Mertzig,279,485441.42,2967.37,2010
Mompach,75,539777.35,2802.29,2010
Mondercange,304,686160.73,3405.09,2010
Mondorf-les-Bains,136,726121.01,3884.07,2010
Munshausen,105,511371.31,2576.96,2010
Neunhausen,56,434876.57,3024.47,2010
Niederanven,239,830236.44,4191.26,2010
Nommern,70,573534.5,3290.24,2010
Pétange,556,423512.53,2777.93,2010
Préizerdaul,71,572473.55,3160.04,2010
Putscheid,36,460107.22,2939.04,2010
Rambrouch,201,455493.58,2714.45,2010
Reckange-sur-Mess,136,665347.08,3894.83,2010
Redange-sur-Attert,178,553142.56,3143.18,2010
Reisdorf,53,473934.38,2696.54,2010
Remich,122,598631.57,2949.0,2010
Roeser,149,665718.55,3607.38,2010
Rosport,99,466534.95,2699.78,2010
Rumelange,158,444361.66,2784.13,2010
Saeul,14,,,2010
Sandweiler,121,623839.17,3596.66,2010
Sanem,585,522421.88,3128.45,2010
Schengen,66,602405.45,3019.56,2010
Schieren,92,609920.4,3698.8,2010
Schifflange,167,491433.53,2989.49,2010
Schuttrange,234,748495.92,3924.34,2010
Septfontaines,69,586461.58,2974.03,2010
Stadtbredimus,87,591809.93,2886.59,2010
Steinfort,286,579086.61,3400.82,2010
Steinsel,183,774837.35,3923.54,2010
Strassen,139,841289.29,4614.81,2010
Tandel,75,398777.0,2474.33,2010
Troisvierges,142,411557.23,2434.71,2010
Tuntange,59,612027.24,3118.44,2010
Useldange,119,554186.01,3049.99,2010
Vianden,66,470709.09,3095.91,2010
Vichten,83,481182.07,3088.75,2010
Wahl,71,401237.8,2484.89,2010
Waldbillig,115,540925.3,3112.11,2010
Waldbredimus,68,605160.15,3145.27,2010
Walferdange,192,706557.31,4269.67,2010
Weiler-la-Tour,79,740993.72,3549.15,2010
Weiswampach,184,402085.91,2466.01,2010
Wellenstein,82,567134.15,2683.12,2010
Wiltz,142,383925.13,2308.76,2010
Wincrange,363,412101.72,2478.75,2010
Winseler,67,465087.97,2818.02,2010
Wormeldange,142,606860.5,2929.99,2010
Bascharage,193,682008.891192,3634.542352,2011
Beaufort,229,431952.58952,2905.431187,2011
Bech,122,620519.983607,3463.109898,2011
Beckerich,177,486224.830508,3160.959626,2011
Berdorf,107,476101.943925,2919.029283,2011
Bertrange,312,834094.38141,4439.705142,2011
Bettembourg,383,587924.281984,3529.881355,2011
Bettendorf,104,528219.788462,3208.398335,2011
Betzdorf,101,693871.247525,3466.992655,2011
Bissen,126,564819.603175,3321.703267,2011
Biwer,148,652309.459459,3463.248125,2011
Boevange-sur-Attert,157,571955.477707,3162.949382,2011
Boulaide,234,455009.888889,2828.665359,2011
Bourscheid,46,569805.869565,3361.157204,2011
Bous,35,591160.0,2794.764306,2011
Burmerange,106,570558.688679,3397.842689,2011
Clémency,79,597782.278481,3438.556882,2011
Clervaux,160,435208.44375,2742.562829,2011
Colmar-Berg,113,538536.371681,3124.665444,2011
Consdorf,78,526683.230769,3262.525659,2011
Consthum,17,,,2011
Contern,140,721393.107143,3802.121919,2011
Dalheim,156,649611.044872,3334.58255,2011
Diekirch,144,494729.416667,3008.936652,2011
Differdange,854,450715.325527,2917.444384,2011
Dippach,327,696981.287462,3859.389378,2011
Dudelange,493,580481.744422,3201.953476,2011
Echternach,125,575613.792,3610.409962,2011
Ell,50,547710.0,3116.988092,2011
Ermsdorf,76,510047.763158,3261.481937,2011
Erpeldange,64,642865.8125,3527.621695,2011
Esch-sur-Alzette,843,537631.322657,3056.653606,2011
Esch-sur-Sûre,4,,,2011
Eschweiler,117,406200.897436,2521.520718,2011
Ettelbruck,278,508982.611511,3176.672438,2011
Feulen,216,537066.152778,3060.756855,2011
Fischbach,117,572201.145299,3584.608079,2011
Flaxweiler,125,671418.144,3415.430554,2011
Frisange,151,896380.675497,3769.1828,2011
Garnich,111,701339.504505,3742.83146,2011
Goesdorf,145,455237.682759,2757.196826,2011
Grevenmacher,224,581531.736607,3316.786445,2011
Grosbous,53,532620.132075,3183.735668,2011
Heffingen,153,543973.124183,3152.699289,2011
Heiderscheid,52,440677.269231,2781.250855,2011
Heinerscheid,84,512157.142857,2463.634077,2011
Hesperange,377,796362.915119,4096.012806,2011
Hobscheid,273,557026.091575,3165.679149,2011
Hoscheid,43,537051.744186,2808.088596,2011
Hosingen,135,479841.888889,2802.782906,2011
Junglinster,382,654266.052356,3613.53638,2011
Kayl,191,502502.617801,3155.241791,2011
Kehlen,256,784410.371094,3896.1181,2011
Kiischpelt,110,491877.436364,2982.92794,2011
Koerich,114,650362.289474,3338.291912,2011
Kopstal,134,836879.664179,4133.406424,2011
Lac de la Haute-Sûre,127,463707.440945,2681.732165,2011
Larochette,42,458785.714286,2787.152926,2011
Lenningen,94,657632.468085,3618.354652,2011
Leudelange,147,919601.136054,3683.220341,2011
Lintgen,109,632328.697248,3424.236933,2011
Lorentzweiler,123,649802.861789,3565.221438,2011
Luxembourg,1309,781792.944996,4371.002203,2011
Mamer,285,824054.65614,4111.912776,2011
Manternach,110,564653.836364,3369.368919,2011
Medernach,45,563125.333333,3105.350104,2011
Mersch,599,562464.509182,3718.418333,2011
Mertert,168,517617.25,3136.171066,2011
Mertzig,432,479868.696759,3049.252813,2011
Mompach,138,510205.992754,3387.175329,2011
Mondercange,194,789140.494845,4078.588575,2011
Mondorf-les-Bains,83,820462.168675,3743.796718,2011
Munshausen,135,532083.17037,2597.402218,2011
Neunhausen,82,517509.219512,3011.038609,2011
Niederanven,300,852390.233333,4449.685462,2011
Nommern,82,597892.182927,3528.197054,2011
Pétange,676,421112.721893,2806.177987,2011
Préizerdaul,166,513700.216867,2926.776483,2011
Putscheid,20,,,2011
Rambrouch,218,472483.848624,2768.880247,2011
Reckange-sur-Mess,89,708306.662921,4038.100537,2011
Redange-sur-Attert,145,568531.634483,3281.559499,2011
Reisdorf,76,442101.789474,2896.586753,2011
Remich,110,716419.663636,3236.271699,2011
Roeser,127,749032.448819,3643.783247,2011
Rosport,118,483444.915254,2802.927615,2011
Rumelange,176,421050.278409,2691.032728,2011
Saeul,24,,,2011
Sandweiler,98,758447.336735,4110.116029,2011
Sanem,642,528481.993769,3219.28159,2011
Schengen,35,749085.714286,3537.222116,2011
Schieren,132,595674.613636,3801.846072,2011
Schifflange,295,483816.610169,2997.434134,2011
Schuttrange,263,842471.992395,4321.162103,2011
Septfontaines,69,651311.782609,2899.64556,2011
Stadtbredimus,83,671891.951807,3105.326621,2011
Steinfort,189,582706.359788,3379.6942,2011
Steinsel,190,856929.968421,4193.884858,2011
Strassen,215,836947.311628,4713.000725,2011
Tandel,133,382792.443609,2487.040974,2011
Troisvierges,125,417244.808,2528.534783,2011
Tuntange,66,636265.151515,3272.271073,2011
Useldange,147,543377.789116,2911.690096,2011
Vianden,103,457270.873786,2887.829216,2011
Vichten,133,544719.518797,3387.398575,2011
Wahl,77,472995.584416,2803.40795,2011
Waldbillig,175,621869.108571,3200.316163,2011
Waldbredimus,15,,,2011
Walferdange,170,933164.252941,4328.927202,2011
Weiler-la-Tour,111,777939.657658,3715.265427,2011
Weiswampach,120,405951.975,2463.061108,2011
Wellenstein,71,532183.098592,2639.841369,2011
Wiltz,207,391845.932367,2357.572555,2011
Wincrange,431,429011.433875,2563.035188,2011
Winseler,110,457427.854545,2856.829657,2011
Wormeldange,155,640369.341935,3148.303918,2011
Beaufort,130,435420.9154,2836.103,2012
Bech,43,750238.0465,4195.594,2012
Beckerich,173,616701.0636,3813.901,2012
Berdorf,69,549343.0725,3212.776,2012
Bertrange,96,827322.9271,4265.93,2012
Bettembourg,220,637545.9773,3657.179,2012
Bettendorf,95,554614.2947,3044.694,2012
Betzdorf,68,703296.4853,3451.869,2012
Bissen,58,564974.1379,3282.375,2012
Biwer,147,630045.5442,3751.876,2012
Boevange-sur-Attert,39,648133.8462,3629.649,2012
Boulaide,164,451527.2073,2790.463,2012
Bourscheid,58,564555.3448,3148.6,2012
Bous,31,569238.8387,3053.411,2012
Clervaux,338,476620.0947,2795.499,2012
Colmar-Berg,47,682696.1064,3181.71,2012
Consdorf,42,529570.7619,3283.063,2012
Contern,66,778619.697,3854.369,2012
Dalheim,90,622159.2111,3249.739,2012
Diekirch,133,526352.9248,3441.238,2012
Differdange,624,450711.9135,2857.026,2012
Dippach,155,714772.2323,4018.097,2012
Dudelange,395,576547.1519,3288.869,2012
Echternach,173,614917.5491,3921.686,2012
Ell,91,570045.0659,3025.903,2012
Erpeldange,201,594376.0647,3754.65,2012
Esch-sur-Alzette,623,506358.6003,2973.827,2012
Esch-sur-Sûre,101,466171.1584,3032.676,2012
Eschweiler,74,394735.5,2529.762,2012
Ettelbruck,203,536772.4089,3166.969,2012
Feulen,95,554090.8105,3012.205,2012
Fischbach,25,,,2012
Flaxweiler,57,628417.9649,3605.495,2012
Frisange,105,874898.8952,4089.835,2012
Garnich,47,669938.766,3578.258,2012
Goesdorf,92,455444.6413,2844.624,2012
Grevenmacher,204,577448.1324,3341.198,2012
Grosbous,118,510851.5254,3251.684,2012
Heffingen,75,584423.2667,3324.328,2012
Hesperange,228,817278.0658,4109.265,2012
Hobscheid,202,593577.2871,3551.955,2012
Junglinster,248,736335.6573,4148.46,2012
Kaerjeng,320,689518.4156,3818.623,2012
Kayl,186,517625.8387,3034.128,2012
Kehlen,160,772265.675,3887.912,2012
Kiischpelt,46,364181.5652,2527.883,2012
Koerich,109,631319.5963,3597.561,2012
Kopstal,120,1000276.858,4547.332,2012
Lac de la Haute-Sûre,128,401898.4375,2445.927,2012
Larochette,62,483661.2903,3005.529,2012
Lenningen,91,665769.1868,3468.948,2012
Leudelange,60,807528.0,4038.239,2012
Lintgen,31,629626.2258,3476.657,2012
Lorentzweiler,57,634011.9298,3643.931,2012
Luxembourg,739,814135.134,4546.837,2012
Mamer,123,836521.0325,4387.823,2012
Manternach,57,607701.7544,3350.789,2012
Mersch,286,559169.3706,3692.633,2012
Mertert,119,535400.3361,2885.074,2012
Mertzig,294,569735.6735,3585.566,2012
Mompach,113,492496.2212,3063.488,2012
Mondercange,119,698692.8235,3847.791,2012
Mondorf-les-Bains,52,698817.3077,3571.26,2012
Niederanven,91,926584.7912,4333.928,2012
Nommern,68,668418.5882,3825.795,2012
Parc Hosingen,175,452973.0057,2844.0,2012
Pétange,520,423019.9712,2790.512,2012
Préizerdaul,103,487023.301,3050.483,2012
Putscheid,23,,,2012
Rambrouch,144,477152.3264,2893.071,2012
Reckange-sur-Mess,52,664946.9423,4036.935,2012
Redange-sur-Attert,97,548589.0206,3132.9,2012
Reisdorf,40,446664.5,2543.075,2012
Remich,74,601718.6757,3244.018,2012
Roeser,200,755225.88,3659.742,2012
Rosport,122,515743.7623,2778.422,2012
Rumelange,114,417421.0526,2512.246,2012
Saeul,10,,,2012
Sandweiler,48,797085.375,4156.81,2012
Sanem,510,545779.7412,3275.519,2012
Schengen,99,631731.9293,3359.628,2012
Schieren,41,656252.4878,3540.25,2012
Schifflange,173,466166.474,3015.004,2012
Schuttrange,153,931766.9542,4836.194,2012
Septfontaines,15,,,2012
Stadtbredimus,50,703222.3,3415.962,2012
Steinfort,103,723142.1165,3720.089,2012
Steinsel,150,844777.5533,4328.485,2012
Strassen,116,886212.8966,4887.734,2012
Tandel,51,475616.7647,2927.715,2012
Troisvierges,56,450639.9107,2838.74,2012
Tuntange,64,556550.7813,3131.823,2012
Useldange,85,531399.8471,2933.432,2012
Vallée de l'Ernz,157,535449.5032,3116.596,2012
Vianden,92,518509.9783,3173.153,2012
Vichten,192,581747.6146,3632.863,2012
Wahl,60,491184.0167,3165.042,2012
Waldbillig,170,584200.4353,3115.016,2012
Waldbredimus,21,,,2012
Walferdange,100,948476.49,4381.596,2012
Weiler-la-Tour,145,754645.1379,3920.884,2012
Weiswampach,42,463762.2857,2774.608,2012
Wiltz,331,365383.9637,2287.289,2012
Wincrange,205,438810.0537,2640.313,2012
Winseler,78,449947.4872,2686.02,2012
Wormeldange,118,575447.0932,3333.804,2012
Beaufort,92,501089.108696,3090.732662,2013
Bech,27,,,2013
Beckerich,135,632231.096296,3602.221033,2013
Berdorf,33,560539.030303,3454.716149,2013
Bertrange,124,1011797.862903,4984.517037,2013
Bettembourg,167,611864.371257,3636.733916,2013
Bettendorf,75,579850.8,2974.834348,2013
Betzdorf,103,774174.563107,3858.969004,2013
Bissen,44,583113.636364,3605.034554,2013
Biwer,105,709993.590476,3891.478177,2013
Boevange-sur-Attert,34,691289.705882,3382.823137,2013
Boulaide,114,468039.122807,2756.441383,2013
Bourscheid,38,551145.552632,3010.394355,2013
Bous,33,593965.878788,3526.286433,2013
Clervaux,256,483867.375,2907.823374,2013
Colmar-Berg,28,,,2013
Consdorf,38,645333.5,3456.888246,2013
Contern,50,934984.0,4280.198964,2013
Dalheim,60,648910.383333,3489.636927,2013
Diekirch,118,559607.40678,3188.633444,2013
Differdange,503,464928.382962,2907.497485,2013
Dippach,105,765266.72381,4073.5973,2013
Dudelange,359,553892.883008,3308.799435,2013
Echternach,113,675189.876106,3918.415307,2013
Ell,86,562718.197674,3205.618425,2013
Erpeldange,133,610638.360902,4042.542829,2013
Esch-sur-Alzette,596,516905.932886,3072.244132,2013
Esch-sur-Sûre,96,486155.510417,2905.93912,2013
Eschweiler,69,458188.463768,2550.743751,2013
Ettelbruck,224,585816.138393,3419.440233,2013
Feulen,63,588143.047619,3029.284433,2013
Fischbach,49,608899.292653,3739.390552,2013
Flaxweiler,75,723106.093333,3635.110162,2013
Frisange,126,813154.698413,4111.26835,2013
Garnich,59,766843.966102,4095.717681,2013
Goesdorf,74,418049.945946,2717.749076,2013
Grevenmacher,150,581542.293333,3398.875215,2013
Grosbous,99,558455.858586,3322.746884,2013
Heffingen,94,646301.43617,3540.967076,2013
Hesperange,160,892235.625,4245.766274,2013
Hobscheid,196,590505.265306,3570.822493,2013
Junglinster,256,791494.308594,4481.197553,2013
Kaerjeng,339,685005.867257,4127.669298,2013
Kayl,181,487696.276243,3054.789125,2013
Kehlen,158,851387.727848,4004.908084,2013
Kiischpelt,46,417595.217391,2689.720955,2013
Koerich,87,671615.425287,3619.71565,2013
Kopstal,193,984481.129534,5093.239715,2013
Lac de la Haute-Sûre,75,403540.0,2628.035117,2013
Larochette,54,525407.407407,3180.198949,2013
Lenningen,48,698279.270833,3838.380067,2013
Leudelange,50,867942.1,4770.422998,2013
Lintgen,31,620800.0,3261.980372,2013
Lorentzweiler,44,710027.977273,3571.355224,2013
Luxembourg,669,977310.713004,4968.409903,2013
Mamer,183,884917.153005,5026.759899,2013
Manternach,91,582716.197802,3296.848471,2013
Mersch,311,639010.88746,3730.718921,2013
Mertert,109,546902.40367,3092.829168,2013
Mertzig,180,590085.922222,3559.764265,2013
Mompach,56,478862.642857,2739.498807,2013
Mondercange,138,719440.166667,3769.523776,2013
Mondorf-les-Bains,72,729256.944444,3684.732564,2013
Niederanven,131,1131560.40458,4903.068915,2013
Nommern,47,633205.106383,3775.829431,2013
Parc Hosingen,158,453107.696203,2874.286541,2013
Pétange,421,481914.964371,2947.580276,2013
Préizerdaul,20,,,2013
Putscheid,30,517165.8,2979.201969,2013
Rambrouch,163,564467.269939,2946.117834,2013
Reckange-sur-Mess,134,713355.977612,4662.069579,2013
Redange-sur-Attert,107,552845.485981,3364.441689,2013
Reisdorf,26,,,2013
Remich,110,606443.890909,2971.79922,2013
Roeser,188,783831.56383,3923.413139,2013
Rosport,115,491352.930435,2690.78959,2013
Rumelange,118,451500.0,2776.440875,2013
Saeul,26,,,2013
Sandweiler,42,859307.619048,4218.696244,2013
Sanem,374,612238.101604,3517.36319,2013
Schengen,96,764796.510417,3387.475639,2013
Schieren,73,605575.589041,3424.571676,2013
Schifflange,243,489681.481481,3113.434209,2013
Schuttrange,156,998458.589744,4765.864232,2013
Septfontaines,22,,,2013
Stadtbredimus,30,711550.766667,3643.672636,2013
Steinfort,92,660500.01087,3530.71634,2013
Steinsel,82,925564.792683,4458.607524,2013
Strassen,97,1031807.690722,5340.569467,2013
Tandel,46,420861.73913,2649.97825,2013
Troisvierges,76,465273.631579,2657.117471,2013
Tuntange,43,634560.744186,3345.948635,2013
Useldange,78,576965.346154,3117.241263,2013
Vallée de l'Ernz,116,518725.396552,3134.042554,2013
Vianden,67,524726.970149,3151.411071,2013
Vichten,198,586444.611111,3804.72509,2013
Wahl,25,,,2013
Waldbillig,178,576610.5,3295.741487,2013
Waldbredimus,38,652906.5,3564.923154,2013
Walferdange,117,953905.982906,4694.206342,2013
Weiler-la-Tour,116,811517.913793,4233.000756,2013
Weiswampach,49,419793.22449,2829.787953,2013
Wiltz,224,389888.540179,2414.615465,2013
Wincrange,183,507850.409836,2760.972841,2013
Winseler,82,486993.902439,2671.679934,2013
Wormeldange,87,722564.91954,3392.824085,2013
Beaufort,70,493067.685714,3053.481176,2014
Bech,20,,,2014
Beckerich,82,596634.134146,3144.50138,2014
Berdorf,23,,,2014
Bertrange,77,1003118.987013,4979.771952,2014
Bettembourg,103,629249.029126,3679.399275,2014
Bettendorf,86,580987.209302,3092.369671,2014
Betzdorf,92,758840.5,4016.229243,2014
Bissen,48,539104.166667,3336.585311,2014
Biwer,80,775079.8125,3916.867106,2014
Boevange-sur-Attert,34,667093.264706,3547.615953,2014
Boulaide,75,468327.6,2538.878057,2014
Bourscheid,24,,,2014
Bous,27,,,2014
Clervaux,178,499386.764045,2983.323389,2014
Colmar-Berg,34,497497.058824,3395.02615,2014
Consdorf,34,618608.235294,3301.829163,2014
Contern,30,901956.666667,4354.646772,2014
Dalheim,41,642134.268293,3619.279382,2014
Diekirch,85,576412.0,3082.878328,2014
Differdange,344,481404.549419,2976.899738,2014
Dippach,51,769862.254902,3944.811751,2014
Dudelange,336,566328.693452,3351.435584,2014
Echternach,90,692268.311111,4006.502294,2014
Ell,40,603267.975,3532.144366,2014
Erpeldange,126,639921.984127,4319.178712,2014
Esch-sur-Alzette,437,538139.784897,3132.70044,2014
Esch-sur-Sûre,78,520988.910256,2964.927214,2014
Eschweiler,61,466775.754098,2643.766122,2014
Ettelbruck,185,652028.459459,3716.434529,2014
Feulen,37,550829.783784,3234.151532,2014
Fischbach,33,661519.151515,3866.056907,2014
Flaxweiler,50,803778.18,3844.510035,2014
Frisange,117,815108.196581,3984.624297,2014
Garnich,50,782588.36,4154.530124,2014
Goesdorf,58,457036.896552,2831.203515,2014
Grevenmacher,88,599228.193182,3368.916158,2014
Grosbous,69,528700.0,3320.537178,2014
Heffingen,59,598454.813559,3443.595009,2014
Hesperange,168,817821.72619,4248.731584,2014
Hobscheid,127,600412.826772,3511.524136,2014
Junglinster,186,789609.822581,4583.32904,2014
Kaerjeng,230,722727.930435,4161.907237,2014
Kayl,115,499995.878261,3143.301116,2014
Kehlen,118,831364.186441,4375.746453,2014
Kiischpelt,42,443659.52381,2635.258433,2014
Koerich,74,800921.932432,3938.775646,2014
Kopstal,127,1027088.913386,5106.799356,2014
Lac de la Haute-Sûre,44,444920.454545,2676.184855,2014
Larochette,43,490581.395349,2871.485464,2014
Lenningen,18,,,2014
Leudelange,50,983570.7,5053.453431,2014
Lintgen,29,,,2014
Lorentzweiler,53,676499.981132,3774.472315,2014
Luxembourg,521,961777.827255,5037.211924,2014
Mamer,117,1007857.606838,4840.68228,2014
Manternach,66,553158.818182,3187.050698,2014
Mersch,238,711619.302521,3823.112219,2014
Mertert,62,538245.322581,3151.895723,2014
Mertzig,126,616881.166667,3808.346461,2014
Mompach,32,487718.75,2690.899586,2014
Mondercange,87,721246.942529,4060.942889,2014
Mondorf-les-Bains,56,765250.0,3553.069565,2014
Niederanven,151,1132974.211921,4958.965475,2014
Nommern,31,596433.612903,3470.836708,2014
Parc Hosingen,123,452797.121951,2952.285735,2014
Pétange,333,510240.15015,3097.641879,2014
Préizerdaul,24,,,2014
Putscheid,16,,,2014
Rambrouch,137,635064.635036,3021.478756,2014
Reckange-sur-Mess,65,754104.215385,4309.208255,2014
Redange-sur-Attert,77,530931.350649,3309.534509,2014
Reisdorf,24,,,2014
Remich,97,592397.938144,2938.58144,2014
Roeser,108,764277.777778,4288.635302,2014
Rosport,56,566249.285714,2913.829893,2014
Rumelange,94,474297.87234,2770.712531,2014
Saeul,32,667703.65625,3309.924407,2014
Sandweiler,29,,,2014
Sanem,274,612404.029197,3526.174143,2014
Schengen,77,762246.753247,3495.962338,2014
Schieren,71,608551.915493,3535.64285,2014
Schifflange,142,492976.056338,3229.4393,2014
Schuttrange,104,1059116.307692,4949.778787,2014
Septfontaines,20,,,2014
Stadtbredimus,36,608107.222222,3548.6975,2014
Steinfort,114,649680.0,3644.468326,2014
Steinsel,71,1021585.929577,4577.217544,2014
Strassen,60,1115055.883333,5368.555068,2014
Tandel,33,494810.212121,2738.039348,2014
Troisvierges,65,446082.4,2710.278947,2014
Tuntange,37,761637.297297,3458.037684,2014
Useldange,66,571101.378788,3314.176175,2014
Vallée de l'Ernz,102,573077.294118,3416.377989,2014
Vianden,39,488167.487179,2874.919879,2014
Vichten,118,595194.483051,3589.054978,2014
Wahl,22,,,2014
Waldbillig,129,604859.302326,3383.568854,2014
Waldbredimus,34,724741.676471,3475.46093,2014
Walferdange,71,1139690.126761,4896.422495,2014
Weiler-la-Tour,59,831962.79661,4510.173783,2014
Weiswampach,42,440049.142857,2875.189302,2014
Wiltz,163,414439.466258,2394.13015,2014
Wincrange,114,478457.192982,2707.883585,2014
Winseler,42,486131.571429,2707.732961,2014
Wormeldange,69,673361.463768,3394.281719,2014
Beaufort,116,528418.258621,3272.59748,2015
Bech,21,,,2015
Beckerich,70,724510.342857,3808.195806,2015
Berdorf,52,652922.269231,3716.014739,2015
Bertrange,49,1230921.387755,5282.372515,2015
Bettembourg,135,739958.814815,3957.352083,2015
Bettendorf,88,620074.147727,3393.693836,2015
Betzdorf,141,779012.588652,4325.142727,2015
Bissen,132,688033.378788,4636.575256,2015
Biwer,37,720680.459459,3785.944224,2015
Boevange-sur-Attert,40,679015.775,3621.631921,2015
Boulaide,95,476651.631579,2620.298438,2015
Bourscheid,40,738983.5,3941.221857,2015
Bous,22,,,2015
Clervaux,138,541240.34058,3110.733244,2015
Colmar-Berg,21,,,2015
Consdorf,45,572338.933333,3280.548349,2015
Contern,17,,,2015
Dalheim,52,650872.673077,3367.783172,2015
Diekirch,66,607502.121212,3406.673656,2015
Differdange,340,508158.485294,3068.626797,2015
Dippach,60,882252.066667,4312.490884,2015
Dudelange,179,604369.162011,3588.002155,2015
Echternach,57,821313.508772,3983.994904,2015
Ell,41,714077.365854,3843.568768,2015
Erpeldange,132,610447.575758,4076.44401,2015
Esch-sur-Alzette,360,589910.691667,3301.69671,2015
Esch-sur-Sûre,91,501614.912088,2906.807872,2015
Ettelbruck,225,669779.706667,3744.039246,2015
Feulen,29,,,2015
Fischbach,63,696642.809524,4381.296283,2015
Flaxweiler,51,673389.745098,3893.280674,2015
Frisange,81,925998.382716,4255.570114,2015
Garnich,41,908713.268293,4338.697001,2015
Goesdorf,63,490922.539683,2669.976278,2015
Grevenmacher,82,615183.195122,3351.115884,2015
Grosbous,44,573365.454545,3755.639017,2015
Heffingen,56,713252.785714,3816.344671,2015
Hesperange,107,887734.411215,4500.83917,2015
Hobscheid,90,721106.855556,3940.383442,2015
Junglinster,242,885577.466942,5002.511754,2015
Kaerjeng,178,771771.893258,4405.908795,2015
Kayl,103,587473.436893,3318.574277,2015
Kehlen,206,929765.18932,4806.331205,2015
Kiischpelt,46,624448.173913,3354.180587,2015
Koerich,44,863675.318182,3471.426631,2015
Kopstal,91,1095041.043956,5180.042086,2015
Lac de la Haute-Sûre,83,461801.975904,2736.948699,2015
Larochette,52,551690.384615,2898.037303,2015
Lenningen,49,723861.571429,4114.267663,2015
Leudelange,32,1076913.0625,4688.732966,2015
Lintgen,32,708136.0,3831.040803,2015
Lorentzweiler,142,846087.549296,4873.822694,2015
Luxembourg,412,1018694.546117,5561.180321,2015
Mamer,152,1096910.302632,4955.697303,2015
Manternach,86,707704.069767,3625.527183,2015
Mersch,167,778043.898204,4207.287454,2015
Mertert,61,646430.47541,3767.053177,2015
Mertzig,100,646808.36,3881.69189,2015
Mompach,16,,,2015
Mondercange,84,979526.916667,3987.003506,2015
Mondorf-les-Bains,43,809744.186047,3402.48909,2015
Niederanven,227,1158761.431718,5466.753367,2015
Nommern,19,,,2015
Parc Hosingen,118,606983.144068,3610.012821,2015
Pétange,267,552682.561798,3267.590454,2015
Préizerdaul,30,708183.166667,4022.918816,2015
Putscheid,15,,,2015
Rambrouch,196,559665.923469,2931.309863,2015
Reckange-sur-Mess,44,754191.045455,4092.959115,2015
Redange-sur-Attert,79,653426.455696,3486.155373,2015
Reisdorf,39,568162.820513,3335.939315,2015
Remich,69,544602.898551,2902.863288,2015
Roeser,65,753030.769231,4567.249611,2015
Rosport,37,624862.27027,3388.667565,2015
Rumelange,70,513963.585714,3146.798202,2015
Saeul,75,682221.333333,3599.664698,2015
Sandweiler,25,,,2015
Sanem,278,679937.532374,3717.186679,2015
Schengen,88,720738.636364,3576.573114,2015
Schieren,28,,,2015
Schifflange,76,492473.684211,3198.062462,2015
Schuttrange,76,1039450.171053,5168.767699,2015
Septfontaines,33,810066.787879,3642.658442,2015
Stadtbredimus,35,603730.285714,3506.210346,2015
Steinfort,102,794764.882353,4317.259761,2015
Steinsel,102,1019605.980392,4847.023393,2015
Strassen,106,1164751.849057,5832.246804,2015
Tandel,17,,,2015
Troisvierges,75,492321.413333,2756.7055,2015
Tuntange,143,703156.370629,4562.906629,2015
Useldange,92,594285.847826,3303.892717,2015
Vallée de l'Ernz,82,624089.463415,3369.913742,2015
Vianden,62,520764.5,3605.326307,2015
Vichten,117,733996.991453,3973.500055,2015
Wahl,35,606121.885714,3596.448694,2015
Waldbillig,50,702777.2,4141.360071,2015
Waldbredimus,134,850885.11194,5108.515541,2015
Walferdange,80,972567.55,4558.507332,2015
Weiler-la-Tour,64,860328.390625,4703.872263,2015
Weiswampach,28,,,2015
Wiltz,181,466546.823204,2660.761111,2015
Wincrange,107,455996.224299,2885.706657,2015
Winseler,25,,,2015
Wormeldange,49,692968.265306,3539.6512,2015
Beaufort,89,521168.741573,3266.077874,2016
Bech,22,,,2016
Beckerich,75,698367.76,3824.940865,2016
Berdorf,48,610455.041667,3473.147667,2016
Bertrange,50,1206385.6,5796.936461,2016
Bettembourg,97,738053.247423,4115.37087,2016
Bettendorf,99,632530.292929,3263.101692,2016
Betzdorf,42,806139.690476,4506.856726,2016
Bissen,163,732063.834356,4886.694798,2016
Biwer,35,853927.142857,4189.055958,2016
Boevange-sur-Attert,33,873848.636364,4141.650074,2016
Boulaide,115,528758.104348,2963.770599,2016
Bourscheid,36,721815.722222,3894.264205,2016
Bous,21,,,2016
Clervaux,160,612099.76875,3185.321451,2016
Colmar-Berg,22,,,2016
Consdorf,41,649789.365854,4106.562692,2016
Contern,122,1027948.581967,5536.750156,2016
Dalheim,48,632839.458333,3882.674546,2016
Diekirch,70,559271.428571,3414.762718,2016
Differdange,318,563777.009434,3416.724329,2016
Dippach,66,987930.287879,4878.205186,2016
Dudelange,251,687628.948207,3967.353428,2016
Echternach,44,754347.045455,3705.185859,2016
Ell,46,760301.108696,3923.567351,2016
Erpeldange,79,615468.962025,4123.731621,2016
Esch-sur-Alzette,369,640008.514905,3510.226099,2016
Esch-sur-Sûre,88,654725.727273,3471.811153,2016
Ettelbruck,231,640357.108225,3921.564751,2016
Feulen,51,694169.607843,3524.030949,2016
Fischbach,48,774837.5,4591.975512,2016
Flaxweiler,31,739726.903226,3863.948821,2016
Frisange,102,912687.254902,4450.601484,2016
Garnich,47,866940.489362,4128.497196,2016
Goesdorf,43,630799.069767,3114.682942,2016
Grevenmacher,49,642704.081633,3362.737918,2016
Grosbous,25,,,2016
Heffingen,71,747519.267606,3999.310273,2016
Hesperange,130,980133.438462,5391.247613,2016
Hobscheid,138,731911.326087,4056.100583,2016
Junglinster,234,905894.230769,4924.151833,2016
Kaerjeng,167,782017.125749,4343.979402,2016
Kayl,80,637962.5,3681.87134,2016
Kehlen,144,947551.645833,4638.231346,2016
Kiischpelt,35,574134.285714,3111.792151,2016
Koerich,87,810187.344828,4939.438137,2016
Kopstal,105,1036966.542857,5029.818568,2016
Lac de la Haute-Sûre,43,521827.139535,2921.71531,2016
Larochette,26,,,2016
Lenningen,31,838513.935484,4129.893776,2016
Leudelange,23,,,2016
Lintgen,56,738678.571429,4521.545208,2016
Lorentzweiler,155,822876.916129,4510.723784,2016
Luxembourg,312,1100464.711538,6062.102535,2016
Mamer,128,1086167.53125,5512.976747,2016
Manternach,61,725199.868852,4299.542708,2016
Mersch,196,834210.372449,4556.07947,2016
Mertert,73,711553.863014,4101.678579,2016
Mertzig,87,651754.402299,3924.639775,2016
Mompach,8,,,2016
Mondercange,78,936552.935897,4669.190115,2016
Mondorf-les-Bains,77,736052.441558,3611.35644,2016
Niederanven,101,1107042.306931,5336.888107,2016
Nommern,29,,,2016
Parc Hosingen,120,671611.216667,3842.03525,2016
Pétange,337,539305.468843,3387.520118,2016
Préizerdaul,22,,,2016
Putscheid,14,,,2016
Rambrouch,200,655960.57,3357.107159,2016
Reckange-sur-Mess,57,975824.614035,3996.043134,2016
Redange-sur-Attert,79,682306.810127,3714.420505,2016
Reisdorf,16,,,2016
Remich,67,538665.671642,2769.303054,2016
Roeser,70,757277.128571,4592.393706,2016
Rosport,40,636538.2,3278.954159,2016
Rumelange,73,549315.068493,3369.740364,2016
Saeul,59,713783.932203,3780.042916,2016
Sandweiler,41,1182890.243902,5319.744193,2016
Sanem,323,708961.594427,4033.352412,2016
Schengen,98,770204.081633,3689.680949,2016
Schieren,55,688678.181818,3911.094805,2016
Schifflange,63,598666.666667,3648.862353,2016
Schuttrange,66,1149616.560606,5124.453041,2016
Septfontaines,18,,,2016
Stadtbredimus,38,681077.105263,3823.228178,2016
Steinfort,140,843796.164286,4108.134226,2016
Steinsel,91,1108414.32967,5155.905465,2016
Strassen,87,1269644.827586,5716.909949,2016
Tandel,12,,,2016
Troisvierges,51,607210.54902,2831.503782,2016
Tuntange,191,735344.947644,4820.115512,2016
Useldange,85,636262.741176,3451.873423,2016
Vallée de l'Ernz,73,659157.671233,3492.547363,2016
Vianden,51,483623.215686,3078.787481,2016
Vichten,85,828080.788235,4153.514559,2016
Wahl,34,619426.470588,3523.023943,2016
Waldbillig,38,697840.526316,3947.31682,2016
Waldbredimus,90,905051.533333,5304.81316,2016
Walferdange,64,1250378.640625,5583.018066,2016
Weiler-la-Tour,66,951845.257576,5780.511421,2016
Weiswampach,41,565706.268293,3275.111543,2016
Wiltz,160,524776.9125,2971.755832,2016
Wincrange,111,447453.612613,2716.23397,2016
Winseler,21,,,2016
Wormeldange,42,617189.309524,3166.958006,2016
Beaufort,120,557511.35,3515.465597,2017
Bech,23,,,2017
Beckerich,132,685104.7652,4038.39034,2017
Berdorf,107,648792.6075,3581.380758,2017
Bertrange,159,1364496.855,6588.893682,2017
Bettembourg,189,812971.5132,4008.892841,2017
Bettendorf,139,650611.6835,3683.05629,2017
Betzdorf,120,1157714.225,4489.113115,2017
Bissen,95,754828.0737,4889.094577,2017
Biwer,78,907695.4231,4081.174583,2017
Boevange-sur-Attert,59,833526.2373,4050.613144,2017
Boulaide,219,532818.3927,2906.253977,2017
Bourscheid,40,760355.9,3714.243488,2017
Bous,40,737614.6,4000.545825,2017
Clervaux,317,520900.5741,3030.773014,2017
Colmar-Berg,48,679350.0,4094.451578,2017
Consdorf,73,663725.5616,4251.11942,2017
Contern,91,1013544.637,5390.895058,2017
Dalheim,138,776307.5507,4441.403487,2017
Diekirch,59,605937.1864,3563.056442,2017
Differdange,602,598553.4884,3651.543378,2017
Dippach,300,920749.0267,5145.802569,2017
Dudelange,520,765486.2654,4025.072397,2017
Echternach,103,744801.6408,3680.600015,2017
Ell,115,718937.713,4226.937831,2017
Erpeldange,143,734768.5105,4366.640239,2017
Esch-sur-Alzette,536,681244.1679,3520.794144,2017
Esch-sur-Sûre,120,579451.2167,3332.106184,2017
Ettelbruck,638,726000.3511,4617.228008,2017
Feulen,50,704512.6,3682.274197,2017
Fischbach,23,,,2017
Flaxweiler,47,731393.617,3328.227274,2017
Frisange,204,900515.1373,4377.794761,2017
Garnich,79,898240.4177,4713.907292,2017
Goesdorf,107,501414.3925,3059.874344,2017
Grevenmacher,92,689782.6087,3565.790156,2017
Grosbous,52,608718.6154,3587.252147,2017
Heffingen,91,788950.7473,3687.331699,2017
Hesperange,285,1033658.87,5799.597958,2017
Hobscheid,185,721276.3784,3720.148695,2017
Junglinster,396,1018113.301,4947.882,2017
Kaerjeng,300,810011.51,4311.092161,2017
Kayl,125,604270.84,3602.983248,2017
Kehlen,158,1015207.006,4860.084617,2017
Kiischpelt,61,573927.082,3142.082906,2017
Koerich,188,853850.6596,4441.661298,2017
Kopstal,236,1219742.983,5036.656651,2017
Lac de la Haute-Sûre,95,559372.8105,3111.028161,2017
Larochette,58,763953.4483,3608.640379,2017
Lenningen,67,850918.0,3888.423256,2017
Leudelange,54,1293566.611,5539.941438,2017
Lintgen,41,991461.0976,4569.352381,2017
Lorentzweiler,113,973817.0796,4512.481845,2017
Luxembourg,546,1382859.02,6824.567201,2017
Mamer,326,1173474.448,5725.289603,2017
Manternach,158,807337.962,4840.316041,2017
Mersch,220,866016.7136,4590.000389,2017
Mertert,109,670351.9083,4190.909259,2017
Mertzig,104,609483.3558,3591.02995,2017
Mompach,24,,,2017
Mondercange,116,923167.2328,4378.540908,2017
Mondorf-les-Bains,130,898713.4,4084.211083,2017
Niederanven,131,1316357.527,5422.223656,2017
Nommern,64,819870.8906,5011.420675,2017
Parc Hosingen,189,607292.4868,3463.022729,2017
Pétange,530,601762.2792,3635.608806,2017
Préizerdaul,65,652573.5385,3737.215554,2017
Putscheid,23,,,2017
Rambrouch,415,769484.0241,3648.070928,2017
Reckange-sur-Mess,114,1135715.974,4471.511832,2017
Redange-sur-Attert,202,694041.0495,3775.782189,2017
Reisdorf,73,739253.0959,4287.056943,2017
Remich,108,621365.7407,3021.805698,2017
Roeser,82,1011522.0,5163.697324,2017
Rosport,75,610480.0,3601.319102,2017
Rumelange,127,621164.5669,3397.918469,2017
Saeul,40,742436.2,3636.583023,2017
Sandweiler,87,1238734.747,5733.215632,2017
Sanem,555,727400.9694,4107.833606,2017
Schengen,127,865032.0709,3777.271751,2017
Schieren,100,682004.53,4278.080767,2017
Schifflange,113,563811.1504,3786.402285,2017
Schuttrange,134,1133312.44,5446.371171,2017
Septfontaines,32,822380.3125,4367.44983,2017
Stadtbredimus,47,795765.9574,4390.126296,2017
Steinfort,231,832112.4459,4336.296626,2017
Steinsel,114,1094591.228,5316.508759,2017
Strassen,124,1593569.702,6384.519856,2017
Tandel,20,,,2017
Troisvierges,148,593994.3378,3199.973711,2017
Tuntange,230,831412.6522,4726.219125,2017
Useldange,111,699838.7387,3713.027955,2017
Vallée de l'Ernz,114,679766.886,3545.029513,2017
Vianden,35,468110.0571,3034.093365,2017
Vichten,106,892373.0189,4220.447771,2017
Wahl,78,649273.2051,3351.522321,2017
Waldbillig,70,898333.6143,4382.063827,2017
Waldbredimus,67,976694.0448,5276.057208,2017
Walferdange,120,1283648.017,6079.789463,2017
Weiler-la-Tour,72,1035779.167,5519.555792,2017
Weiswampach,77,660457.8052,3527.697557,2017
Wiltz,310,532902.2742,2868.341082,2017
Wincrange,231,489307.2597,2936.74337,2017
Winseler,18,,,2017
Wormeldange,183,779345.4426,4764.817029,2017
Beaufort,133,672226.58,3924.57,2018
Bech,30,927320.0,3828.937,2018
Beckerich,130,768339.14,4276.143,2018
Berdorf,147,717398.08,3103.617,2018
Bertrange,68,1290100.5,6822.143,2018
Bettembourg,184,825967.39,4656.744,2018
Bettendorf,90,601957.92,3246.782,2018
Betzdorf,65,1173450.7,4513.678,2018
Bissen,60,722043.48,4625.031,2018
Biwer,44,850925.0,4138.02,2018
Boulaide,100,587951.15,2938.56,2018
Bourscheid,60,691616.67,3514.223,2018
Bous,21,,,2018
Clervaux,305,568021.85,3576.61,2018
Colmar-Berg,13,,,2018
Consdorf,14,,,2018
Contern,140,1468599.8,6432.214,2018
Dalheim,212,881909.03,4530.694,2018
Diekirch,46,645024.63,3930.124,2018
Differdange,573,626460.78,3949.046,2018
Dippach,182,1253107.3,5048.856,2018
Dudelange,541,762288.66,4175.894,2018
Echternach,56,675474.04,3399.044,2018
Ell,117,709255.58,3976.122,2018
Erpeldange,44,746115.52,4761.711,2018
Esch-sur-Alzette,401,663460.16,4009.08,2018
Esch-sur-Sûre,75,561654.33,3305.662,2018
Ettelbruck,504,807564.36,4863.777,2018
Feulen,44,705886.48,4192.493,2018
Fischbach,1,,,2018
Flaxweiler,45,999043.87,4860.41,2018
Frisange,177,738887.09,4036.773,2018
Garnich,56,968730.36,5072.115,2018
Goesdorf,61,554586.64,3411.976,2018
Grevenmacher,58,837275.86,4285.758,2018
Grosbous,52,728492.77,3668.421,2018
Habscht,175,740850.15,4280.416,2018
Heffingen,58,793177.02,4083.793,2018
Helperknapp,331,811076.21,4554.365,2018
Hesperange,215,1182209.6,5826.925,2018
Junglinster,243,1137425.1,5199.902,2018
Kaerjeng,305,832421.26,5040.703,2018
Kayl,146,663151.68,4002.014,2018
Kehlen,139,1185304.8,5657.916,2018
Kiischpelt,18,,,2018
Koerich,78,987733.01,4960.495,2018
Kopstal,153,1269182.7,5247.93,2018
Lac de la Haute-Sûre,94,556183.2,3398.618,2018
Larochette,24,,,2018
Lenningen,54,946826.87,4390.951,2018
Leudelange,39,1181530.7,6180.854,2018
Lintgen,23,,,2018
Lorentzweiler,100,1084074.6,5409.356,2018
Luxembourg,642,1542371.3,7440.534,2018
Mamer,252,1143308.9,5280.203,2018
Manternach,121,855153.02,4954.187,2018
Mersch,346,885861.77,5133.559,2018
Mertert,106,840120.98,4555.353,2018
Mertzig,107,752808.02,4015.171,2018
Mondercange,77,1076988.7,4788.225,2018
Mondorf-les-Bains,79,676765.41,3506.102,2018
Niederanven,176,1837879.7,6745.681,2018
Nommern,13,,,2018
Parc Hosingen,90,601844.11,3277.056,2018
Pétange,495,617228.33,3715.309,2018
Préizerdaul,135,681439.7,3932.258,2018
Putscheid,11,,,2018
Rambrouch,284,764336.38,3576.468,2018
Reckange-sur-Mess,48,1035602.1,5245.496,2018
Redange-sur-Attert,177,677378.86,3969.763,2018
Reisdorf,61,577178.69,3743.506,2018
Remich,84,635933.48,3501.769,2018
Roeser,125,1020072.5,5467.166,2018
Rosport-Mompach,100,704084.0,3891.418,2018
Rumelange,104,572470.0,3766.96,2018
Saeul,42,801452.79,3901.218,2018
Sandweiler,205,1154732.9,6294.955,2018
Sanem,405,815328.31,4287.902,2018
Schengen,80,1005683.1,4208.976,2018
Schieren,88,737173.5,4599.626,2018
Schifflange,79,601488.61,4150.198,2018
Schuttrange,114,1213018.0,5264.159,2018
Stadtbredimus,34,728257.35,3768.058,2018
Steinfort,269,1088146.9,4813.155,2018
Steinsel,70,1446091.7,5261.661,2018
Strassen,157,1376319.3,6756.529,2018
Tandel,0,,,2018
Troisvierges,121,591773.66,3196.976,2018
Useldange,140,713068.4,3700.743,2018
Vallée de l'Ernz,58,700632.16,4032.121,2018
Vianden,50,479040.0,3550.277,2018
Vichten,79,915876.62,4452.304,2018
Wahl,29,,,2018
Waldbillig,45,925038.89,4155.038,2018
Waldbredimus,19,,,2018
Walferdange,89,1254436.7,5783.956,2018
Weiler-la-Tour,38,1103877.6,5871.257,2018
Weiswampach,70,644668.51,3740.633,2018
Wiltz,278,506037.35,2935.67,2018
Wincrange,223,543964.57,3146.32,2018
Winseler,18,,,2018
Wormeldange,57,944136.63,4617.846,2018
Beaufort,109,710548.78,3948.449,2019
Bech,13,,,2019
Beckerich,154,866784.75,5020.332,2019
Berdorf,44,714552.77,3694.5,2019
Bertrange,44,1606353.2,7587.324,2019
Bettembourg,132,1107318.2,5084.001,2019
Bettendorf,75,718986.73,3974.492,2019
Betzdorf,34,1050788.4,4753.826,2019
Bissen,58,883476.02,5031.245,2019
Biwer,41,896424.37,4173.428,2019
Boulaide,62,657558.92,3604.439,2019
Bourscheid,19,,,2019
Bous,16,,,2019
Clervaux,281,838803.69,4481.37,2019
Colmar-Berg,17,,,2019
Consdorf,24,,,2019
Contern,97,1355557.9,6265.059,2019
Dalheim,137,982928.84,5130.774,2019
Diekirch,39,671871.79,4184.154,2019
Differdange,520,738043.59,4477.356,2019
Dippach,147,1279549.6,5505.615,2019
Dudelange,253,917642.52,4976.088,2019
Echternach,39,788871.79,4100.964,2019
Ell,136,768133.37,3981.587,2019
Erpeldange,19,,,2019
Esch-sur-Alzette,333,828634.71,4641.856,2019
Esch-sur-Sûre,79,655728.96,3729.698,2019
Ettelbruck,1227,875397.74,5207.272,2019
Feulen,38,836108.13,4128.616,2019
Fischbach,2,,,2019
Flaxweiler,48,916393.4,4802.031,2019
Frisange,120,1014897.9,4840.689,2019
Garnich,38,1094393.2,5595.605,2019
Goesdorf,45,643924.21,3758.36,2019
Grevenmacher,130,1099521.2,5896.884,2019
Grosbous,6,,,2019
Habscht,152,836200.63,4261.266,2019
Heffingen,22,,,2019
Helperknapp,196,864268.57,4139.876,2019
Hesperange,131,1310675.6,6407.038,2019
Junglinster,145,1112458.8,5381.142,2019
Kaerjeng,306,948586.36,5157.857,2019
Kayl,107,783968.16,4610.4,2019
Kehlen,101,1252773.0,5979.236,2019
Kiischpelt,30,546466.67,3285.596,2019
Koerich,73,1029898.5,5249.604,2019
Kopstal,133,1491918.2,6311.217,2019
Lac de la Haute-Sûre,63,820505.59,3221.515,2019
Larochette,16,,,2019
Lenningen,69,831941.61,4891.887,2019
Leudelange,121,1802526.8,6565.02,2019
Lintgen,57,939894.72,5607.917,2019
Lorentzweiler,200,1046443.3,5649.649,2019
Luxembourg,558,1576213.6,8078.167,2019
Mamer,159,1330212.2,6405.194,2019
Manternach,332,910661.56,5782.595,2019
Mersch,749,1110211.3,5700.724,2019
Mertert,65,971834.02,4572.035,2019
Mertzig,56,841449.68,4355.545,2019
Mondercange,70,1249759.9,5572.701,2019
Mondorf-les-Bains,129,977433.51,4391.548,2019
Niederanven,149,1579152.9,7039.238,2019
Nommern,4,,,2019
Parc Hosingen,80,561982.41,3759.707,2019
Pétange,392,667280.33,4190.972,2019
Préizerdaul,35,753016.07,3792.437,2019
Putscheid,8,,,2019
Rambrouch,316,634472.3,3037.231,2019
Reckange-sur-Mess,43,1159163.5,5119.682,2019
Redange-sur-Attert,91,795954.51,4222.839,2019
Reisdorf,28,,,2019
Remich,56,957575.09,4608.421,2019
Roeser,75,1248928.3,6184.34,2019
Rosport-Mompach,41,805463.41,3995.835,2019
Rumelange,94,670103.94,4200.217,2019
Saeul,3,,,2019
Sandweiler,103,1244351.7,6091.403,2019
Sanem,267,869737.0,4446.38,2019
Schengen,72,751493.51,3674.03,2019
Schieren,36,843384.44,4498.923,2019
Schifflange,85,815894.12,4682.193,2019
Schuttrange,80,1357663.6,5533.854,2019
Stadtbredimus,78,987396.15,3715.079,2019
Steinfort,198,1075727.3,4434.209,2019
Steinsel,91,1540155.3,6490.608,2019
Strassen,51,1621750.9,7424.209,2019
Tandel,0,,,2019
Troisvierges,92,741726.67,3992.16,2019
Useldange,59,744662.41,4053.216,2019
Vallée de l'Ernz,55,772004.05,4385.68,2019
Vianden,38,553526.32,3824.864,2019
Vichten,100,992221.28,4517.081,2019
Wahl,11,,,2019
Waldbillig,27,,,2019
Waldbredimus,40,1082425.8,5145.286,2019
Walferdange,59,1440262.2,6636.738,2019
Weiler-la-Tour,55,1121421.3,5296.581,2019
Weiswampach,113,615076.74,3903.223,2019
Wiltz,177,580239.47,3315.955,2019
Wincrange,149,529375.33,3365.352,2019
Winseler,12,,,2019
Wormeldange,92,1017426.4,5336.409,2019
Beaufort,56,742411.89,3886.183,2020
Bech,11,,,2020
Beckerich,77,989659.14,5798.755,2020
Berdorf,8,,,2020
Bertrange,629,1891532.5,9078.719,2020
Bettembourg,156,1043473.9,5919.413,2020
Bettendorf,132,953785.7,6533.536,2020
Betzdorf,18,,,2020
Bissen,26,,,2020
Biwer,14,,,2020
Boulaide,47,758868.17,3845.065,2020
Bourscheid,11,,,2020
Bous,20,,,2020
Clervaux,205,1057434.9,5128.416,2020
Colmar-Berg,38,833315.79,5513.564,2020
Consdorf,16,,,2020
Contern,53,1398622.8,7150.978,2020
Dalheim,44,987400.45,5426.887,2020
Diekirch,26,,,2020
Differdange,424,821865.11,5100.917,2020
Dippach,146,1450331.8,6492.973,2020
Dudelange,249,969099.03,5660.419,2020
Echternach,51,854000.0,5171.338,2020
Ell,29,,,2020
Erpeldange,7,,,2020
Esch-sur-Alzette,322,811075.06,5071.725,2020
Esch-sur-Sûre,86,716856.74,4136.246,2020
Ettelbruck,1199,986259.27,5713.685,2020
Feulen,35,896852.0,4999.62,2020
Fischbach,4,,,2020
Flaxweiler,33,1131816.8,5359.379,2020
Frisange,58,1387222.1,6328.53,2020
Garnich,74,1180683.1,5527.373,2020
Goesdorf,26,,,2020
Grevenmacher,74,938308.64,5657.125,2020
Grosbous,19,,,2020
Habscht,112,1019755.7,5038.08,2020
Heffingen,12,,,2020
Helperknapp,160,1115020.9,5031.132,2020
Hesperange,103,1489864.1,7686.345,2020
Junglinster,162,1309725.6,6558.399,2020
Kaerjeng,159,1132388.0,5925.479,2020
Kayl,124,889709.68,4575.196,2020
Kehlen,562,1361380.5,8310.256,2020
Kiischpelt,18,,,2020
Koerich,202,1203615.9,6128.683,2020
Kopstal,69,1978531.3,7569.612,2020
Lac de la Haute-Sûre,44,705276.93,3521.446,2020
Larochette,33,932393.94,4724.692,2020
Lenningen,25,,,2020
Leudelange,33,1534375.6,7363.524,2020
Lintgen,36,1035611.1,5748.131,2020
Lorentzweiler,80,1453594.3,6574.75,2020
Luxembourg,1050,1606490.2,9527.811,2020
Mamer,431,1430028.2,7030.886,2020
Manternach,100,1004278.4,5459.214,2020
Mersch,387,1234759.6,6109.676,2020
Mertert,103,973419.83,4941.763,2020
Mertzig,37,940986.16,4362.532,2020
Mondercange,72,1359549.4,6107.561,2020
Mondorf-les-Bains,92,994292.3,5345.0,2020
Niederanven,93,1749576.2,8091.712,2020
Nommern,8,,,2020
Parc Hosingen,89,743688.74,4688.807,2020
Pétange,203,746943.55,4850.497,2020
Préizerdaul,23,,,2020
Putscheid,6,,,2020
Rambrouch,201,727879.16,3588.449,2020
Reckange-sur-Mess,78,1327709.2,5726.506,2020
Redange-sur-Attert,62,864533.03,4541.128,2020
Reisdorf,21,,,2020
Remich,363,1211462.2,7478.598,2020
Roeser,168,1451332.8,6791.402,2020
Rosport-Mompach,48,808627.4,4484.155,2020
Rumelange,65,732384.62,4837.649,2020
Saeul,4,,,2020
Sandweiler,25,,,2020
Sanem,226,943515.13,5368.408,2020
Schengen,69,592932.2,3840.677,2020
Schieren,29,,,2020
Schifflange,206,1149982.6,6190.277,2020
Schuttrange,185,2010936.7,8983.075,2020
Stadtbredimus,30,1126950.0,4850.487,2020
Steinfort,48,1277576.9,5799.771,2020
Steinsel,59,1675187.9,7321.496,2020
Strassen,37,1814700.0,8629.778,2020
Tandel,0,,,2020
Troisvierges,62,726341.52,4066.665,2020
Useldange,25,,,2020
Vallée de l'Ernz,45,898436.42,4660.438,2020
Vianden,13,,,2020
Vichten,40,1028126.4,4516.654,2020
Wahl,10,,,2020
Waldbillig,25,,,2020
Waldbredimus,30,988816.57,5301.541,2020
Walferdange,101,1520943.0,8413.039,2020
Weiler-la-Tour,23,,,2020
Weiswampach,55,608804.04,4066.589,2020
Wiltz,152,657216.85,3545.305,2020
Wincrange,110,587987.15,3813.492,2020
Winseler,19,,,2020
Wormeldange,72,997358.51,5849.745,2020
Beaufort,36,767374.0,5051.381,2021
Bech,12,,,2021
Beckerich,37,1109540.3,4767.721,2021
Berdorf,27,,,2021
Bertrange,323,2159923.4,10059.33,2021
Bettembourg,131,1215193.6,6353.333,2021
Bettendorf,81,1044613.0,4560.062,2021
Betzdorf,36,1204268.9,6696.68,2021
Bissen,37,996027.03,7015.062,2021
Biwer,58,1178730.6,7435.28,2021
Boulaide,50,902994.24,4314.958,2021
Bourscheid,15,,,2021
Bous,20,,,2021
Clervaux,341,1109305.8,5268.275,2021
Colmar-Berg,23,,,2021
Consdorf,24,,,2021
Contern,142,1582084.1,7949.8,2021
Dalheim,59,1421726.2,6755.187,2021
Diekirch,34,810764.71,5015.733,2021
Differdange,545,951982.05,5412.293,2021
Dippach,149,1475830.4,7638.823,2021
Dudelange,322,1115102.5,6044.101,2021
Echternach,92,929776.2,5315.512,2021
Ell,34,1106266.2,5254.144,2021
Erpeldange,65,1469792.7,6685.315,2021
Esch-sur-Alzette,498,953002.69,5491.874,2021
Esch-sur-Sûre,135,879611.88,3873.868,2021
Ettelbruck,454,959720.65,6161.305,2021
Feulen,62,1083310.4,5010.38,2021
Fischbach,6,,,2021
Flaxweiler,27,,,2021
Frisange,401,1485250.0,6782.59,2021
Garnich,37,1460425.4,6916.253,2021
Goesdorf,15,,,2021
Grevenmacher,111,1264652.0,7233.44,2021
Grosbous,5,,,2021
Habscht,119,1188286.9,5712.303,2021
Heffingen,24,,,2021
Helperknapp,86,1197473.4,5545.232,2021
Hesperange,167,1598660.4,7926.937,2021
Junglinster,228,1437176.9,7994.585,2021
Kaerjeng,182,1207470.1,6079.232,2021
Kayl,151,1070549.0,5623.936,2021
Kehlen,131,1430026.2,8006.846,2021
Kiischpelt,12,,,2021
Koerich,22,,,2021
Kopstal,74,1827713.5,8270.372,2021
Lac de la Haute-Sûre,33,872336.0,4422.867,2021
Larochette,33,1213848.5,4788.182,2021
Lenningen,39,1233897.4,6740.873,2021
Leudelange,30,2171900.0,10043.25,2021
Lintgen,24,,,2021
Lorentzweiler,93,1356731.7,7920.987,2021
Luxembourg,1127,2112606.9,9610.156,2021
Mamer,310,1645018.1,8926.521,2021
Manternach,10,,,2021
Mersch,680,1408729.7,7009.971,2021
Mertert,70,1113517.9,6073.98,2021
Mertzig,57,1135691.2,5153.772,2021
Mondercange,68,1312723.5,6703.383,2021
Mondorf-les-Bains,42,1348638.6,6157.723,2021
Niederanven,76,1976097.0,8873.188,2021
Nommern,9,,,2021
Parc Hosingen,132,906722.25,4910.065,2021
Pétange,477,805143.05,5396.894,2021
Préizerdaul,16,,,2021
Putscheid,24,,,2021
Rambrouch,136,969482.11,4601.915,2021
Reckange-sur-Mess,27,,,2021
Redange-sur-Attert,51,965771.57,4971.976,2021
Reisdorf,5,,,2021
Remich,568,1159505.9,8039.933,2021
Roeser,113,2026825.5,7887.027,2021
Rosport-Mompach,49,927947.03,4727.454,2021
Rumelange,72,767565.28,5089.961,2021
Saeul,3,,,2021
Sandweiler,41,1801324.5,7973.869,2021
Sanem,237,1075570.6,5699.621,2021
Schengen,74,1153170.7,5671.923,2021
Schieren,40,1114995.0,5777.56,2021
Schifflange,206,1046842.2,6218.137,2021
Schuttrange,123,1986308.9,8690.242,2021
Stadtbredimus,103,1359473.2,5067.359,2021
Steinfort,100,1474127.7,6972.275,2021
Steinsel,72,1589037.2,8065.06,2021
Strassen,82,2378249.5,9381.685,2021
Tandel,0,,,2021
Troisvierges,45,637662.33,4275.488,2021
Useldange,7,,,2021
Vallée de l'Ernz,54,1033492.6,6175.307,2021
Vianden,32,639843.75,3568.132,2021
Vichten,19,,,2021
Wahl,18,,,2021
Waldbillig,27,,,2021
Waldbredimus,25,,,2021
Walferdange,124,1943312.1,8590.118,2021
Weiler-la-Tour,28,,,2021
Weiswampach,28,,,2021
Wiltz,182,764486.69,3969.513,2021
Wincrange,153,685889.39,3997.182,2021
Winseler,41,979696.17,3921.98,2021
Wormeldange,50,1052340.8,6391.339,2021
